0,https://www.smartbuyglasses.co.id/designer-eyeglasses/BOSS/Boss-1017-807-423228.html,BOSS Boss 1017 807,BOSS,Heart,"RP1,603,954",BOSS,Black,Rectangle,Full Rim,Carbon Fiber,https://image4.cdnsbg.com/2/81/423228_1646282469564.jpg?width=900&height=450&q=90,https://image4.cdnsbg.com/2/81/423228_1646282469564.jpg?width=900&height=450&q=90,https://image4.cdnsbg.com/2/81/423228_1646282469564.jpg?width=900&height=450&q=90,BOSS Boss 1017 807 BOSS Heart  BOSS Black Full Rim Carbon Fiber
1,https://www.smartbuyglasses.co.id/designer-eyeglasses/Tom-Ford/Tom-Ford-FT5873-B-Blue-Light-Block-052-627475.html,Tom Ford FT5873-B Blue-Light Block 052,Tom Ford,Heart,"RP3,998,481",Men,Dark Tortoise,Oval,Full Rim,Pantographed Plastic,https://image4.cdnsbg.com/2/58/627475_1685592955593.jpg?width=900&height=450&q=90,https://image4.cdnsbg.com/2/58/627475_1685592955593.jpg?width=900&height=450&q=90,https://image4.cdnsbg.com/2/58/627475_1685592955593.jpg?width=900&height=450&q=90,Tom Ford FT5873-B Blue-Light Block 052 Tom Ford Heart  Men Dark Tortoise Full Rim Pantographed Plastic
2,https://www.smartbuyglasses.co.id/designer-eyeglasses/Nike/Nike-7167-243-666131.html,Nike 7167 243,Nike,Oval,"RP1,824,560",Women,Dark Tortoise On Transparent Smoke Grey,Square,Full Rim,Recycled Acetate,https://image4.cdnsbg.com/2/220/666131_1706586611321.jpg?width=900&height=450&q=90,https://image4.cdnsbg.com/2/220/666131_1706586611321.jpg?width=900&height=450&q=90,https://image4.cdnsbg.com/2/220/666131_1706586611321.jpg?width=900&height=450&q=90,Nike 7167 243 Nike Oval  Women Dark Tortoise On Transparent Smoke Grey Full Rim Recycled Acetate
3,https://www.smartbuyglasses.co.id/designer-eyeglasses/Gucci/Gucci-GG1573O-001-669032.html,Gucci GG1573O 001,Gucci,Oval,"RP2,756,053",Men,Black,Square,Full Rim,Injected Plastic,https://image4.cdnsbg.com/2/10/669032_1725239626910.jpg?width=900&height=450&q=90,https://image4.cdnsbg.com/2/10/669032_1725239626910.jpg?width=900&height=450&q=90,https://image4.cdnsbg.com/2/10/669032_1725239626910.jpg?width=900&height=450&q=90,Gucci GG1573O 001 Gucci Oval  Men Black Full Rim Injected Plastic
4,https://www.smartbuyglasses.co.id/designer-eyeglasses/BOSS/Boss-1119-003-512571.html,BOSS Boss 1119 003,BOSS,Oval,"RP1,603,954",BOSS,Matte Black,Square,Full Rim,Metal,https://image4.cdnsbg.com/2/81/512571_1721106061828.jpg?width=900&height=450&q=90,https://image4.cdnsbg.com/2/81/512571_1721106061828.jpg?width=900&height=450&q=90,https://image4.cdnsbg.com/2/81/512571_1721106061828.jpg?width=900&height=450&q=90,BOSS Boss 1119 003 BOSS Oval  BOSS Matte Black Full Rim Metal
5,https://www.smartbuyglasses.co.id/designer-eyeglasses/Tommy-Hilfiger/Tommy-Hilfiger-TH-1822-807-570279.html,Tommy Hilfiger TH 1822 807,Tommy Hilfiger,Oval,"RP862,067",Women,Black,Square,Full Rim,Acetate,https://image4.cdnsbg.com/2/248/570279_1665113432129.jpg?width=900&height=450&q=90,https://image4.cdnsbg.com/2/248/570279_1665113432129.jpg?width=900&height=450&q=90,https://image4.cdnsbg.com/2/248/570279_1665113432129.jpg?width=900&height=450&q=90,Tommy Hilfiger TH 1822 807 Tommy Hilfiger Oval  Women Black Full Rim Acetate
6,https://www.smartbuyglasses.co.id/designer-eyeglasses/Tom-Ford/Tom-Ford-FT5752-B-Blue-Light-Block-020-570175.html,Tom Ford FT5752-B Blue-Light Block 020,Tom Ford,Oval,"RP3,246,630",Men,Transparent Grey,Square,Full Rim,Plastic,https://image4.cdnsbg.com/2/58/570175_1660741287065.jpg?width=900&height=450&q=90,https://image4.cdnsbg.com/2/58/570175_1660741287065.jpg?width=900&height=450&q=90,https://image4.cdnsbg.com/2/58/570175_1660741287065.jpg?width=900&height=450&q=90,Tom Ford FT5752-B Blue-Light Block 020 Tom Ford Oval  Men Transparent Grey Full Rim Plastic
7,https://www.smartbuyglasses.co.id/designer-eyeglasses/Persol/Persol-PO3007V-24-105694.html,Persol PO3007V 24,Persol,Oval,"RP2,944,383",Men,Havana,Square,Full Rim,Acetate,https://image4.cdnsbg.com/2/73/105694_1599520971418.jpg?width=900&height=450&q=90,https://image4.cdnsbg.com/2/73/105694_1599520971418.jpg?width=900&height=450&q=90,https://image4.cdnsbg.com/2/73/105694_1599520971418.jpg?width=900&height=450&q=90,Persol PO3007V 24 Persol Oval  Men Havana Full Rim Acetate
8,https://www.smartbuyglasses.co.id/designer-eyeglasses/Rodenstock/Rodenstock-R7051-I-541095.html,Rodenstock R7051 I,Rodenstock,Oval,"RP788,020",Men,Bronze Brown,Square,Semi Rimless,Titanium,https://image4.cdnsbg.com/2/15/541095_1726574250800.jpg?width=900&height=450&q=90,https://image4.cdnsbg.com/2/15/541095_1726574250800.jpg?width=900&height=450&q=90,https://image4.cdnsbg.com/2/15/541095_1726574250800.jpg?width=900&height=450&q=90,Rodenstock R7051 I Rodenstock Oval  Men Bronze Brown Semi Rimless Titanium
9,https://www.smartbuyglasses.co.id/designer-eyeglasses/Tom-Ford/Tom-Ford-FT5295-002-225163.html,Tom Ford FT5295 002,Tom Ford,Heart,"RP3,229,543",Men,Matte Black,Rectangle,Full Rim,Acetate,https://image4.cdnsbg.com/2/58/225163_1599519518042.jpg?width=900&height=450&q=90,https://image4.cdnsbg.com/2/58/225163_1599519518042.jpg?width=900&height=450&q=90,https://image4.cdnsbg.com/2/58/225163_1599519518042.jpg?width=900&height=450&q=90,Tom Ford FT5295 002 Tom Ford Heart  Men Matte Black Full Rim Acetate
10,https://www.smartbuyglasses.co.id/designer-eyeglasses/Tommy-Hilfiger/Tommy-Hilfiger-TH-1685-35J-501228.html,Tommy Hilfiger TH 1685 35J,Tommy Hilfiger,Heart,"RP793,235",Tommy Hilfiger,Transparent Pink,Rectangle,Full Rim,Acetate,https://image4.cdnsbg.com/2/248/501228_1701400925747.jpg?width=900&height=450&q=90,https://image4.cdnsbg.com/2/248/501228_1701400925747.jpg?width=900&height=450&q=90,https://image4.cdnsbg.com/2/248/501228_1701400925747.jpg?width=900&height=450&q=90,Tommy Hilfiger TH 1685 35J Tommy Hilfiger Heart  Tommy Hilfiger Transparent Pink Full Rim Acetate
11,https://www.smartbuyglasses.co.id/designer-eyeglasses/Prada/Prada-PR-17ZV-15J1O1-634150.html,Prada PR 17ZV 15J1O1,Prada,Oval,"RP3,436,463",Women,Transparent Light Pink,Square,Full Rim,Acetate,https://image4.cdnsbg.com/2/13/634150_1688625586850.jpg?width=900&height=450&q=90,https://image4.cdnsbg.com/2/13/634150_1688625586850.jpg?width=900&height=450&q=90,https://image4.cdnsbg.com/2/13/634150_1688625586850.jpg?width=900&height=450&q=90,Prada PR 17ZV 15J1O1 Prada Oval  Women Transparent Light Pink Full Rim Acetate
12,https://www.smartbuyglasses.co.id/designer-eyeglasses/Tom-Ford/Tom-Ford-FT5903-B-Blue-Light-Block-002-661824.html,Tom Ford FT5903-B Blue-Light Block 002,Tom Ford,Oval,"RP4,374,407",Men,Matte Black,Square,Full Rim,Plastic,https://image4.cdnsbg.com/2/58/661824_1714648765780.jpg?width=900&height=450&q=90,https://image4.cdnsbg.com/2/58/661824_1714648765780.jpg?width=900&height=450&q=90,https://image4.cdnsbg.com/2/58/661824_1714648765780.jpg?width=900&height=450&q=90,Tom Ford FT5903-B Blue-Light Block 002 Tom Ford Oval  Men Matte Black Full Rim Plastic
13,https://www.smartbuyglasses.co.id/designer-eyeglasses/Tommy-Hilfiger/Tommy-Hilfiger-TH-1708-SX7-514908.html,Tommy Hilfiger TH 1708 SX7,Tommy Hilfiger,Oval,"RP955,601",Women,Havana,Square,Full Rim,Acetate,https://image4.cdnsbg.com/2/248/514908_1686620566950.jpg?width=900&height=450&q=90,https://image4.cdnsbg.com/2/248/514908_1686620566950.jpg?width=900&height=450&q=90,https://image4.cdnsbg.com/2/248/514908_1686620566950.jpg?width=900&height=450&q=90,Tommy Hilfiger TH 1708 SX7 Tommy Hilfiger Oval  Women Havana Full Rim Acetate
14,https://www.smartbuyglasses.co.id/designer-eyeglasses/Ralph-by-Ralph-Lauren/Ralph-by-Ralph-Lauren-RA7158U-5001-658941.html,Ralph by Ralph Lauren RA7158U 5001,Ralph by Ralph Lauren,Oval,"RP1,295,699",Women,Glossy Black,Square,Full Rim,Acetate,https://image4.cdnsbg.com/2/197/658941_1717055857610.jpg?width=900&height=450&q=90,https://image4.cdnsbg.com/2/197/658941_1717055857610.jpg?width=900&height=450&q=90,https://image4.cdnsbg.com/2/197/658941_1717055857610.jpg?width=900&height=450&q=90,Ralph by Ralph Lauren RA7158U 5001 Ralph by Ralph Lauren Oval  Women Glossy Black Full Rim Acetate
15,https://www.smartbuyglasses.co.id/designer-eyeglasses/Gucci/Gucci-GG1221O-001-612871.html,Gucci GG1221O 001,Gucci,Heart,"RP4,462,685",Men,Gold,Rectangle,Rimless,Metal,https://image4.cdnsbg.com/2/10/612871_1672820704693.jpg?width=900&height=450&q=90,https://image4.cdnsbg.com/2/10/612871_1672820704693.jpg?width=900&height=450&q=90,https://image4.cdnsbg.com/2/10/612871_1672820704693.jpg?width=900&height=450&q=90,Gucci GG1221O 001 Gucci Heart  Men Gold Rimless Metal
16,https://www.smartbuyglasses.co.id/designer-eyeglasses/Safilo/Safilo-LENTE-01-010-615463.html,Safilo LENTE 01 010,Safilo,Oval,"RP1,095,200",Men,Palladium,Square,Rimless,Titanium,https://image4.cdnsbg.com/2/54/615463_1720772765992.jpg?width=900&height=450&q=90,https://image4.cdnsbg.com/2/54/615463_1720772765992.jpg?width=900&height=450&q=90,https://image4.cdnsbg.com/2/54/615463_1720772765992.jpg?width=900&height=450&q=90,Safilo LENTE 01 010 Safilo Oval  Men Palladium Rimless Titanium
17,https://www.smartbuyglasses.co.id/designer-eyeglasses/Polo-Ralph-Lauren/Polo-Ralph-Lauren-PH2083-5003-302074.html,Polo Ralph Lauren PH2083 5003,Polo Ralph Lauren,Heart,"RP1,989,305",Men,Shiny Dark Havana,Oval,Full Rim,Plastic,https://image4.cdnsbg.com/2/199/302074_1680591570460.jpg?width=900&height=450&q=90,https://image4.cdnsbg.com/2/199/302074_1680591570460.jpg?width=900&height=450&q=90,https://image4.cdnsbg.com/2/199/302074_1680591570460.jpg?width=900&height=450&q=90,Polo Ralph Lauren PH2083 5003 Polo Ralph Lauren Heart  Men Shiny Dark Havana Full Rim Plastic
18,https://www.smartbuyglasses.co.id/designer-eyeglasses/Carrera/Carrera-4403V-003-407339.html,Carrera 4403/V 003,Carrera,Heart,"RP1,942,841",Carrera,Black,Rectangle,Full Rim,Plastic,https://image4.cdnsbg.com/2/70/407339_1599520815725.jpg?width=900&height=450&q=90,https://image4.cdnsbg.com/2/70/407339_1599520815725.jpg?width=900&height=450&q=90,https://image4.cdnsbg.com/2/70/407339_1599520815725.jpg?width=900&height=450&q=90,Carrera 4403/V 003 Carrera Heart  Carrera Black Full Rim Plastic
19,https://www.smartbuyglasses.co.id/designer-eyeglasses/Nike/Nike-7128-207-507451.html,Nike 7128 207,Nike,Heart,"RP1,099,030",Nike,Brown,Round,Full Rim,Plastic,https://image4.cdnsbg.com/2/220/507451_1672825177776.jpg?width=900&height=450&q=90,https://image4.cdnsbg.com/2/220/507451_1672825177776.jpg?width=900&height=450&q=90,https://image4.cdnsbg.com/2/220/507451_1672825177776.jpg?width=900&height=450&q=90,Nike 7128 207 Nike Heart  Nike Brown Full Rim Plastic
20,https://www.smartbuyglasses.co.id/designer-eyeglasses/Gucci/Gucci-GG0958O-004-553550.html,Gucci GG0958O 004,Gucci,Oval,"RP3,533,401",Women,Black,Square,Full Rim,Plastic,https://image4.cdnsbg.com/2/10/553550_1680591570538.jpg?width=900&height=450&q=90,https://image4.cdnsbg.com/2/10/553550_1680591570538.jpg?width=900&height=450&q=90,https://image4.cdnsbg.com/2/10/553550_1680591570538.jpg?width=900&height=450&q=90,Gucci GG0958O 004 Gucci Oval  Women Black Full Rim Plastic
21,https://www.smartbuyglasses.co.id/designer-eyeglasses/Tom-Ford/Tom-Ford-FT5752-B-Blue-Light-Block-001-570173.html,Tom Ford FT5752-B Blue-Light Block 001,Tom Ford,Oval,"RP3,280,805",Men,Shiny Black,Square,Full Rim,Plastic,https://image4.cdnsbg.com/2/58/570173_1652399682933.jpg?width=900&height=450&q=90,https://image4.cdnsbg.com/2/58/570173_1652399682933.jpg?width=900&height=450&q=90,https://image4.cdnsbg.com/2/58/570173_1652399682933.jpg?width=900&height=450&q=90,Tom Ford FT5752-B Blue-Light Block 001 Tom Ford Oval  Men Shiny Black Full Rim Plastic
22,https://www.smartbuyglasses.co.id/designer-eyeglasses/Oakley/Oakley-OX8032-HEX-JECTOR-803202-578732.html,Oakley OX8032 HEX JECTOR 803202,Oakley,Heart,"RP1,882,094",Men,Satin Grey Smoke,Rectangle,Full Rim,Plastic,https://image4.cdnsbg.com/2/441/578732_1644379307622.jpg?width=900&height=450&q=90,https://image4.cdnsbg.com/2/441/578732_1644379307622.jpg?width=900&height=450&q=90,https://image4.cdnsbg.com/2/441/578732_1644379307622.jpg?width=900&height=450&q=90,Oakley OX8032 HEX JECTOR 803202 Oakley Heart  Men Satin Grey Smoke Full Rim Plastic
23,https://www.smartbuyglasses.co.id/designer-eyeglasses/Tom-Ford/Tom-Ford-FT5812-B-Blue-Light-Block-001-593687.html,Tom Ford FT5812-B Blue-Light Block 001,Tom Ford,Oval,"RP3,280,805",Women,Black,Cat Eye,Full Rim,Plastic,https://image4.cdnsbg.com/2/58/593687_1657782104345.jpg?width=900&height=450&q=90,https://image4.cdnsbg.com/2/58/593687_1657782104345.jpg?width=900&height=450&q=90,https://image4.cdnsbg.com/2/58/593687_1657782104345.jpg?width=900&height=450&q=90,Tom Ford FT5812-B Blue-Light Block 001 Tom Ford Oval  Women Black Full Rim Plastic
24,https://www.smartbuyglasses.co.id/designer-eyeglasses/Burberry/Burberry-BE2376-ELIZABETH-Asian-Fit-3024-637594.html,Burberry BE2376 ELIZABETH Asian Fit 3024,Burberry,Oval,"RP2,458,276",Burberry,Clear,Square,Full Rim,Plastic,https://image4.cdnsbg.com/2/2/637594_1693562797727.jpg?width=900&height=450&q=90,https://image4.cdnsbg.com/2/2/637594_1693562797727.jpg?width=900&height=450&q=90,https://image4.cdnsbg.com/2/2/637594_1693562797727.jpg?width=900&height=450&q=90,Burberry BE2376 ELIZABETH Asian Fit 3024 Burberry Oval  Burberry Clear Full Rim Plastic
25,https://www.smartbuyglasses.co.id/designer-eyeglasses/Lacoste/Lacoste-L2301-002-672775.html,Lacoste L2301 002,Lacoste,Oval,"RP1,942,594",Men,Matte Black,Square,Full Rim,Metal,https://image4.cdnsbg.com/2/331/672775_1710812928697.jpg?width=900&height=450&q=90,https://image4.cdnsbg.com/2/331/672775_1710812928697.jpg?width=900&height=450&q=90,https://image4.cdnsbg.com/2/331/672775_1710812928697.jpg?width=900&height=450&q=90,Lacoste L2301 002 Lacoste Oval  Men Matte Black Full Rim Metal
26,https://www.smartbuyglasses.co.id/designer-eyeglasses/Lacoste/Lacoste-L3113-033-672788.html,Lacoste L3113 033,Lacoste,Oval,"RP1,352,587",Men,Gunmetal,Square,Full Rim,Metal,https://image4.cdnsbg.com/2/331/672788_1710812928701.jpg?width=900&height=450&q=90,https://image4.cdnsbg.com/2/331/672788_1710812928701.jpg?width=900&height=450&q=90,https://image4.cdnsbg.com/2/331/672788_1710812928701.jpg?width=900&height=450&q=90,Lacoste L3113 033 Lacoste Oval  Men Gunmetal Full Rim Metal
27,https://www.smartbuyglasses.co.id/designer-eyeglasses/Lacoste/Lacoste-L3113-410-672790.html,Lacoste L3113 410,Lacoste,Oval,"RP1,352,587",Men,Blue,Square,Full Rim,Metal,https://image4.cdnsbg.com/2/331/672790_1710812928702.jpg?width=900&height=450&q=90,https://image4.cdnsbg.com/2/331/672790_1710812928702.jpg?width=900&height=450&q=90,https://image4.cdnsbg.com/2/331/672790_1710812928702.jpg?width=900&height=450&q=90,Lacoste L3113 410 Lacoste Oval  Men Blue Full Rim Metal
28,https://www.smartbuyglasses.co.id/designer-eyeglasses/Tom-Ford/Tom-Ford-FT5313-002-197340.html,Tom Ford FT5313 002,Tom Ford,Heart,"RP3,280,805",Tom Ford,Matte Black,Rectangle,Full Rim,Acetate,https://image4.cdnsbg.com/2/58/197340_1599519518036.jpg?width=900&height=450&q=90,https://image4.cdnsbg.com/2/58/197340_1599519518036.jpg?width=900&height=450&q=90,https://image4.cdnsbg.com/2/58/197340_1599519518036.jpg?width=900&height=450&q=90,Tom Ford FT5313 002 Tom Ford Heart  Tom Ford Matte Black Full Rim Acetate
29,https://www.smartbuyglasses.co.id/designer-eyeglasses/Rodenstock/Rodenstock-R2288-D-237644.html,Rodenstock R2288 D,Rodenstock,Heart,"RP788,020",Men,Gunmetal Grey Olive Green,Round,Full Rim,Titanium,https://image4.cdnsbg.com/2/15/237644_1726574214723.jpg?width=900&height=450&q=90,https://image4.cdnsbg.com/2/15/237644_1726574214723.jpg?width=900&height=450&q=90,https://image4.cdnsbg.com/2/15/237644_1726574214723.jpg?width=900&height=450&q=90,Rodenstock R2288 D Rodenstock Heart  Men Gunmetal Grey Olive Green Full Rim Titanium
30,https://www.smartbuyglasses.co.id/designer-eyeglasses/Ermenegildo-Zegna/Ermenegildo-Zegna-EZ5093D-Asian-Fit-009-590844.html,Ermenegildo Zegna EZ5093D Asian Fit 009,Ermenegildo Zegna,Heart,"RP3,197,011",Men,Matte Gunmetal Black,Rectangle,Full Rim,Titanium,https://image4.cdnsbg.com/2/62/590844_1697081958636.jpg?width=900&height=450&q=90,https://image4.cdnsbg.com/2/62/590844_1697081958636.jpg?width=900&height=450&q=90,https://image4.cdnsbg.com/2/62/590844_1697081958636.jpg?width=900&height=450&q=90,Ermenegildo Zegna EZ5093D Asian Fit 009 Ermenegildo Zegna Heart  Men Matte Gunmetal Black Full Rim Titanium
31,https://www.smartbuyglasses.co.id/designer-eyeglasses/Tom-Ford/Tom-Ford-FT5506-055-389197.html,Tom Ford FT5506 055,Tom Ford,Oval,"RP3,092,843",Men,Light Cream Tortoise,Square,Full Rim,Plastic,https://image4.cdnsbg.com/2/58/389197_1599519647711.jpg?width=900&height=450&q=90,https://image4.cdnsbg.com/2/58/389197_1599519647711.jpg?width=900&height=450&q=90,https://image4.cdnsbg.com/2/58/389197_1599519647711.jpg?width=900&height=450&q=90,Tom Ford FT5506 055 Tom Ford Oval  Men Light Cream Tortoise Full Rim Plastic
32,https://www.smartbuyglasses.co.id/designer-eyeglasses/Tom-Ford/Tom-Ford-FT5479-B-Blue-Light-Block-001-542817.html,Tom Ford FT5479-B Blue-Light Block 001,Tom Ford,Oval,"RP3,280,805",Tom Ford,Black,Square,Full Rim,Plastic,https://image4.cdnsbg.com/2/58/542817_1723089364577.jpg?width=900&height=450&q=90,https://image4.cdnsbg.com/2/58/542817_1723089364577.jpg?width=900&height=450&q=90,https://image4.cdnsbg.com/2/58/542817_1723089364577.jpg?width=900&height=450&q=90,Tom Ford FT5479-B Blue-Light Block 001 Tom Ford Oval  Tom Ford Black Full Rim Plastic
33,https://www.smartbuyglasses.co.id/designer-eyeglasses/David-Beckham/David-Beckham-DB-7020-37N-537322.html,David Beckham DB 7020 37N,David Beckham,Oval,"RP1,190,172",Men,Black Horn,Square,Full Rim,Acetate,https://image4.cdnsbg.com/2/704/537322_1644379307586.jpg?width=900&height=450&q=90,https://image4.cdnsbg.com/2/704/537322_1644379307586.jpg?width=900&height=450&q=90,https://image4.cdnsbg.com/2/704/537322_1644379307586.jpg?width=900&height=450&q=90,David Beckham DB 7020 37N David Beckham Oval  Men Black Horn Full Rim Acetate
34,https://www.smartbuyglasses.co.id/designer-eyeglasses/Oakley/Oakley-OX8156-HOLBROOK-RX-815612-618489.html,Oakley OX8156 HOLBROOK RX 815612,Oakley,Heart,"RP2,427,311",Men,Transparent Blue,Rectangle,Full Rim,Plastic,https://image4.cdnsbg.com/2/441/618489_1670478445703.jpg?width=900&height=450&q=90,https://image4.cdnsbg.com/2/441/618489_1670478445703.jpg?width=900&height=450&q=90,https://image4.cdnsbg.com/2/441/618489_1670478445703.jpg?width=900&height=450&q=90,Oakley OX8156 HOLBROOK RX 815612 Oakley Heart  Men Transparent Blue Full Rim Plastic
35,https://www.smartbuyglasses.co.id/designer-eyeglasses/SmartBuy-Collection/SmartBuy-Collection-Denny-X9815-4-C1-521092.html,SmartBuy Collection Denny X9815-4 C1,SmartBuy Collection,Square,"RP126,985",Unisex,Gold,Oval,Full Rim,Metal,https://image4.cdnsbg.com/2/430/521092_1599532645350.jpg?width=900&height=450&q=90,https://image4.cdnsbg.com/2/430/521092_1599532645350.jpg?width=900&height=450&q=90,https://image4.cdnsbg.com/2/430/521092_1599532645350.jpg?width=900&height=450&q=90,SmartBuy Collection Denny X9815-4 C1 SmartBuy Collection Square  Unisex Gold Full Rim Metal
36,https://www.smartbuyglasses.co.id/designer-eyeglasses/SmartBuy-Collection/SmartBuy-Collection-Xinyi-T3046-C3-551777.html,SmartBuy Collection Xinyi T3046 C3,SmartBuy Collection,Square,"RP150,059",Unisex,Rose Gold,Oval,Full Rim,Metal,https://image4.cdnsbg.com/2/430/551777_1618226448307.jpg?width=900&height=450&q=90,https://image4.cdnsbg.com/2/430/551777_1618226448307.jpg?width=900&height=450&q=90,https://image4.cdnsbg.com/2/430/551777_1618226448307.jpg?width=900&height=450&q=90,SmartBuy Collection Xinyi T3046 C3 SmartBuy Collection Square  Unisex Rose Gold Full Rim Metal
37,https://www.smartbuyglasses.co.id/designer-eyeglasses/SmartBuy-Collection/SmartBuy-Collection-Hedley-RT-004A-C3-647181.html,SmartBuy Collection Hedley RT-004A C3,SmartBuy Collection,Round,"RP1,200,299",Unisex,Shiny Gunmetal,Rectangle,Rimless,Titanium,https://image4.cdnsbg.com/2/430/647181_1694180768775.jpg?width=900&height=450&q=90,https://image4.cdnsbg.com/2/430/647181_1694180768775.jpg?width=900&height=450&q=90,https://image4.cdnsbg.com/2/430/647181_1694180768775.jpg?width=900&height=450&q=90,SmartBuy Collection Hedley RT-004A C3 SmartBuy Collection Round  Unisex Shiny Gunmetal Rimless Titanium
38,https://www.smartbuyglasses.co.id/designer-eyeglasses/SmartBuy-Collection/SmartBuy-Collection-Hezzy-71007-C6-647200.html,SmartBuy Collection Hezzy 71007 C6,SmartBuy Collection,Triangle,"RP432,259",Unisex,Black Gold,Browline,Full Rim,Acetate,https://image4.cdnsbg.com/2/430/647200_1694180810270.jpg?width=900&height=450&q=90,https://image4.cdnsbg.com/2/430/647200_1694180810270.jpg?width=900&height=450&q=90,https://image4.cdnsbg.com/2/430/647200_1694180810270.jpg?width=900&height=450&q=90,SmartBuy Collection Hezzy 71007 C6 SmartBuy Collection Triangle  Unisex Black Gold Full Rim Acetate
39,https://www.smartbuyglasses.co.id/designer-eyeglasses/VANNI/VANNI-V1689-A50-695022.html,VANNI V1689 A50,VANNI,Round,"RP3,528,000",Women,Pattern Red Blue,Square,Full Rim,Acetate,https://image4.cdnsbg.com/2/827/695022_1730771653749.jpg?width=900&height=450&q=90,https://image4.cdnsbg.com/2/827/695022_1730771653749.jpg?width=900&height=450&q=90,https://image4.cdnsbg.com/2/827/695022_1730771653749.jpg?width=900&height=450&q=90,VANNI V1689 A50 VANNI Round  Women Pattern Red Blue Full Rim Acetate
40,https://www.smartbuyglasses.co.id/designer-eyeglasses/VANNI/VANNI-V1689-A59-695023.html,VANNI V1689 A59,VANNI,Round,"RP3,528,000",Women,Pattern Green,Square,Full Rim,Acetate,https://image4.cdnsbg.com/2/827/695023_1730771653749.jpg?width=900&height=450&q=90,https://image4.cdnsbg.com/2/827/695023_1730771653749.jpg?width=900&height=450&q=90,https://image4.cdnsbg.com/2/827/695023_1730771653749.jpg?width=900&height=450&q=90,VANNI V1689 A59 VANNI Round  Women Pattern Green Full Rim Acetate
41,https://www.smartbuyglasses.co.id/designer-eyeglasses/VANNI/VANNI-V1689-A900-695024.html,VANNI V1689 A900,VANNI,Round,"RP3,528,000",Women,Pattern Black,Square,Full Rim,Acetate,https://image4.cdnsbg.com/2/827/695024_1730771653749.jpg?width=900&height=450&q=90,https://image4.cdnsbg.com/2/827/695024_1730771653749.jpg?width=900&height=450&q=90,https://image4.cdnsbg.com/2/827/695024_1730771653749.jpg?width=900&height=450&q=90,VANNI V1689 A900 VANNI Round  Women Pattern Black Full Rim Acetate
42,https://www.smartbuyglasses.co.id/designer-eyeglasses/VANNI/VANNI-V1690-A455-695025.html,VANNI V1690 A455,VANNI,Square,"RP3,528,000",Women,Transparent Purple Top Checkered Red,Oval,Full Rim,Acetate,https://image4.cdnsbg.com/2/827/695025_1730771653749.jpg?width=900&height=450&q=90,https://image4.cdnsbg.com/2/827/695025_1730771653749.jpg?width=900&height=450&q=90,https://image4.cdnsbg.com/2/827/695025_1730771653749.jpg?width=900&height=450&q=90,VANNI V1690 A455 VANNI Square  Women Transparent Purple Top Checkered Red Full Rim Acetate
43,https://www.smartbuyglasses.co.id/designer-eyeglasses/VANNI/VANNI-V1690-A471-695026.html,VANNI V1690 A471,VANNI,Square,"RP3,528,000",Women,Black Top Checkered Turquoise Blue,Oval,Full Rim,Acetate,https://image4.cdnsbg.com/2/827/695026_1730771653750.jpg?width=900&height=450&q=90,https://image4.cdnsbg.com/2/827/695026_1730771653750.jpg?width=900&height=450&q=90,https://image4.cdnsbg.com/2/827/695026_1730771653750.jpg?width=900&height=450&q=90,VANNI V1690 A471 VANNI Square  Women Black Top Checkered Turquoise Blue Full Rim Acetate
44,https://www.smartbuyglasses.co.id/designer-eyeglasses/VANNI/VANNI-V1690-A901-695027.html,VANNI V1690 A901,VANNI,Square,"RP3,528,000",Women,Black Top Pattern,Oval,Full Rim,Acetate,https://image4.cdnsbg.com/2/827/695027_1730771653750.jpg?width=900&height=450&q=90,https://image4.cdnsbg.com/2/827/695027_1730771653750.jpg?width=900&height=450&q=90,https://image4.cdnsbg.com/2/827/695027_1730771653750.jpg?width=900&height=450&q=90,VANNI V1690 A901 VANNI Square  Women Black Top Pattern Full Rim Acetate
45,https://www.smartbuyglasses.co.id/designer-eyeglasses/VANNI/VANNI-V1692-A436-695028.html,VANNI V1692 A436,VANNI,Round,"RP3,528,000",Women,Dark Brown Tortoise Top Checkered Red,Square,Full Rim,Acetate,https://image4.cdnsbg.com/2/827/695028_1730771653750.jpg?width=900&height=450&q=90,https://image4.cdnsbg.com/2/827/695028_1730771653750.jpg?width=900&height=450&q=90,https://image4.cdnsbg.com/2/827/695028_1730771653750.jpg?width=900&height=450&q=90,VANNI V1692 A436 VANNI Round  Women Dark Brown Tortoise Top Checkered Red Full Rim Acetate
46,https://www.smartbuyglasses.co.id/designer-eyeglasses/VANNI/VANNI-V1692-A455-695029.html,VANNI V1692 A455,VANNI,Round,"RP3,528,000",Women,Transparent Purple Top Checkered Red,Square,Full Rim,Acetate,https://image4.cdnsbg.com/2/827/695029_1730771653751.jpg?width=900&height=450&q=90,https://image4.cdnsbg.com/2/827/695029_1730771653751.jpg?width=900&height=450&q=90,https://image4.cdnsbg.com/2/827/695029_1730771653751.jpg?width=900&height=450&q=90,VANNI V1692 A455 VANNI Round  Women Transparent Purple Top Checkered Red Full Rim Acetate
47,https://www.smartbuyglasses.co.id/designer-eyeglasses/VANNI/VANNI-V1692-A901-695030.html,VANNI V1692 A901,VANNI,Round,"RP3,528,000",Women,Black Top Pattern,Square,Full Rim,Acetate,https://image4.cdnsbg.com/2/827/695030_1730771653751.jpg?width=900&height=450&q=90,https://image4.cdnsbg.com/2/827/695030_1730771653751.jpg?width=900&height=450&q=90,https://image4.cdnsbg.com/2/827/695030_1730771653751.jpg?width=900&height=450&q=90,VANNI V1692 A901 VANNI Round  Women Black Top Pattern Full Rim Acetate
48,https://www.smartbuyglasses.co.id/designer-eyeglasses/VANNI/VANNI-V1732-A422-695031.html,VANNI V1732 A422,VANNI,Round,"RP2,844,000",Women,Faded Red,Square,Full Rim,Acetate,https://image4.cdnsbg.com/2/827/695031_1730771653751.jpg?width=900&height=450&q=90,https://image4.cdnsbg.com/2/827/695031_1730771653751.jpg?width=900&height=450&q=90,https://image4.cdnsbg.com/2/827/695031_1730771653751.jpg?width=900&height=450&q=90,VANNI V1732 A422 VANNI Round  Women Faded Red Full Rim Acetate
49,https://www.smartbuyglasses.co.id/designer-eyeglasses/VANNI/VANNI-V1732-A713-695032.html,VANNI V1732 A713,VANNI,Round,"RP2,844,000",Women,Striped Black Yellow Laminate,Square,Full Rim,Acetate,https://image4.cdnsbg.com/2/827/695032_1730771653752.jpg?width=900&height=450&q=90,https://image4.cdnsbg.com/2/827/695032_1730771653752.jpg?width=900&height=450&q=90,https://image4.cdnsbg.com/2/827/695032_1730771653752.jpg?width=900&height=450&q=90,VANNI V1732 A713 VANNI Round  Women Striped Black Yellow Laminate Full Rim Acetate
50,https://www.smartbuyglasses.co.id/designer-eyeglasses/VANNI/VANNI-V1734-A417-695033.html,VANNI V1734 A417,VANNI,Round,"RP2,844,000",Women,Pattern Black Brown Laminate,Square,Full Rim,Acetate,https://image4.cdnsbg.com/2/827/695033_1730771653752.jpg?width=900&height=450&q=90,https://image4.cdnsbg.com/2/827/695033_1730771653752.jpg?width=900&height=450&q=90,https://image4.cdnsbg.com/2/827/695033_1730771653752.jpg?width=900&height=450&q=90,VANNI V1734 A417 VANNI Round  Women Pattern Black Brown Laminate Full Rim Acetate
51,https://www.smartbuyglasses.co.id/designer-eyeglasses/VANNI/VANNI-V1734-A68-695034.html,VANNI V1734 A68,VANNI,Round,"RP2,844,000",Women,Yellow Brown Tortoise Pink Laminate,Square,Full Rim,Acetate,https://image4.cdnsbg.com/2/827/695034_1730771653752.jpg?width=900&height=450&q=90,https://image4.cdnsbg.com/2/827/695034_1730771653752.jpg?width=900&height=450&q=90,https://image4.cdnsbg.com/2/827/695034_1730771653752.jpg?width=900&height=450&q=90,VANNI V1734 A68 VANNI Round  Women Yellow Brown Tortoise Pink Laminate Full Rim Acetate
52,https://www.smartbuyglasses.co.id/designer-eyeglasses/VANNI/VANNI-V1734-A915-695035.html,VANNI V1734 A915,VANNI,Round,"RP2,844,000",Women,Black Micropixel Pattern Pink Laminate,Square,Full Rim,Acetate,https://image4.cdnsbg.com/2/827/695035_1730771653753.jpg?width=900&height=450&q=90,https://image4.cdnsbg.com/2/827/695035_1730771653753.jpg?width=900&height=450&q=90,https://image4.cdnsbg.com/2/827/695035_1730771653753.jpg?width=900&height=450&q=90,VANNI V1734 A915 VANNI Round  Women Black Micropixel Pattern Pink Laminate Full Rim Acetate
53,https://www.smartbuyglasses.co.id/designer-eyeglasses/VANNI/VANNI-V1734-A925-695036.html,VANNI V1734 A925,VANNI,Round,"RP2,844,000",Women,Shiny Red Purple Laminate,Square,Full Rim,Acetate,https://image4.cdnsbg.com/2/827/695036_1730771653753.jpg?width=900&height=450&q=90,https://image4.cdnsbg.com/2/827/695036_1730771653753.jpg?width=900&height=450&q=90,https://image4.cdnsbg.com/2/827/695036_1730771653753.jpg?width=900&height=450&q=90,VANNI V1734 A925 VANNI Round  Women Shiny Red Purple Laminate Full Rim Acetate
54,https://www.smartbuyglasses.co.id/designer-eyeglasses/VANNI/VANNI-V1734-A941-695037.html,VANNI V1734 A941,VANNI,Round,"RP2,844,000",Women,Blue Micropixel Pattern Black Laminate,Square,Full Rim,Acetate,https://image4.cdnsbg.com/2/827/695037_1730771653753.jpg?width=900&height=450&q=90,https://image4.cdnsbg.com/2/827/695037_1730771653753.jpg?width=900&height=450&q=90,https://image4.cdnsbg.com/2/827/695037_1730771653753.jpg?width=900&height=450&q=90,VANNI V1734 A941 VANNI Round  Women Blue Micropixel Pattern Black Laminate Full Rim Acetate
55,https://www.smartbuyglasses.co.id/designer-eyeglasses/VANNI/VANNI-V1737-A35-695038.html,VANNI V1737 A35,VANNI,Round,"RP2,844,000",Women,Transparent Purple Yellow Laminate,Square,Full Rim,Acetate,https://image4.cdnsbg.com/2/827/695038_1730771653753.jpg?width=900&height=450&q=90,https://image4.cdnsbg.com/2/827/695038_1730771653753.jpg?width=900&height=450&q=90,https://image4.cdnsbg.com/2/827/695038_1730771653753.jpg?width=900&height=450&q=90,VANNI V1737 A35 VANNI Round  Women Transparent Purple Yellow Laminate Full Rim Acetate
56,https://www.smartbuyglasses.co.id/designer-eyeglasses/VANNI/VANNI-V1737-A442-695039.html,VANNI V1737 A442,VANNI,Round,"RP2,844,000",Women,Pattern Blue Brown Laminate,Square,Full Rim,Acetate,https://image4.cdnsbg.com/2/827/695039_1730771653754.jpg?width=900&height=450&q=90,https://image4.cdnsbg.com/2/827/695039_1730771653754.jpg?width=900&height=450&q=90,https://image4.cdnsbg.com/2/827/695039_1730771653754.jpg?width=900&height=450&q=90,VANNI V1737 A442 VANNI Round  Women Pattern Blue Brown Laminate Full Rim Acetate
57,https://www.smartbuyglasses.co.id/designer-eyeglasses/VANNI/VANNI-V2108-A406-695045.html,VANNI V2108 A406,VANNI,Round,"RP2,844,000",Men,Faded Opaque Brown,Square,Full Rim,Acetate,https://image4.cdnsbg.com/2/827/695045_1730771653756.jpg?width=900&height=450&q=90,https://image4.cdnsbg.com/2/827/695045_1730771653756.jpg?width=900&height=450&q=90,https://image4.cdnsbg.com/2/827/695045_1730771653756.jpg?width=900&height=450&q=90,VANNI V2108 A406 VANNI Round  Men Faded Opaque Brown Full Rim Acetate
58,https://www.smartbuyglasses.co.id/designer-eyeglasses/VANNI/VANNI-V2108-A408-695046.html,VANNI V2108 A408,VANNI,Round,"RP2,844,000",Men,Opaque Red/Grey,Square,Full Rim,Acetate,https://image4.cdnsbg.com/2/827/695046_1730771653756.jpg?width=900&height=450&q=90,https://image4.cdnsbg.com/2/827/695046_1730771653756.jpg?width=900&height=450&q=90,https://image4.cdnsbg.com/2/827/695046_1730771653756.jpg?width=900&height=450&q=90,VANNI V2108 A408 VANNI Round  Men Opaque Red/Grey Full Rim Acetate
59,https://www.smartbuyglasses.co.id/designer-eyeglasses/VANNI/VANNI-V2110-A34-695047.html,VANNI V2110 A34,VANNI,Round,"RP3,348,000",Men,Dark Blue,Square,Full Rim,Acetate,https://image4.cdnsbg.com/2/827/695047_1730771653756.jpg?width=900&height=450&q=90,https://image4.cdnsbg.com/2/827/695047_1730771653756.jpg?width=900&height=450&q=90,https://image4.cdnsbg.com/2/827/695047_1730771653756.jpg?width=900&height=450&q=90,VANNI V2110 A34 VANNI Round  Men Dark Blue Full Rim Acetate
60,https://www.smartbuyglasses.co.id/designer-eyeglasses/VANNI/VANNI-V2110-A507-695048.html,VANNI V2110 A507,VANNI,Round,"RP3,348,000",Men,Transparent Grey,Square,Full Rim,Acetate,https://image4.cdnsbg.com/2/827/695048_1730771653757.jpg?width=900&height=450&q=90,https://image4.cdnsbg.com/2/827/695048_1730771653757.jpg?width=900&height=450&q=90,https://image4.cdnsbg.com/2/827/695048_1730771653757.jpg?width=900&height=450&q=90,VANNI V2110 A507 VANNI Round  Men Transparent Grey Full Rim Acetate
61,https://www.smartbuyglasses.co.id/designer-eyeglasses/VANNI/VANNI-V2115-A09-695049.html,VANNI V2115 A09,VANNI,Square,"RP3,348,000",Men,Transparent Teal Blue,Oval,Full Rim,Acetate,https://image4.cdnsbg.com/2/827/695049_1730771653757.jpg?width=900&height=450&q=90,https://image4.cdnsbg.com/2/827/695049_1730771653757.jpg?width=900&height=450&q=90,https://image4.cdnsbg.com/2/827/695049_1730771653757.jpg?width=900&height=450&q=90,VANNI V2115 A09 VANNI Square  Men Transparent Teal Blue Full Rim Acetate
62,https://www.smartbuyglasses.co.id/designer-eyeglasses/VANNI/VANNI-V2115-A107-695050.html,VANNI V2115 A107,VANNI,Square,"RP3,348,000",Men,Transparent Grey,Oval,Full Rim,Acetate,https://image4.cdnsbg.com/2/827/695050_1730771653757.jpg?width=900&height=450&q=90,https://image4.cdnsbg.com/2/827/695050_1730771653757.jpg?width=900&height=450&q=90,https://image4.cdnsbg.com/2/827/695050_1730771653757.jpg?width=900&height=450&q=90,VANNI V2115 A107 VANNI Square  Men Transparent Grey Full Rim Acetate
63,https://www.smartbuyglasses.co.id/designer-eyeglasses/VANNI/VANNI-V2115-A706-695051.html,VANNI V2115 A706,VANNI,Square,"RP3,348,000",Men,Faded Yellow Brown Tortoise,Oval,Full Rim,Acetate,https://image4.cdnsbg.com/2/827/695051_1730771653757.jpg?width=900&height=450&q=90,https://image4.cdnsbg.com/2/827/695051_1730771653757.jpg?width=900&height=450&q=90,https://image4.cdnsbg.com/2/827/695051_1730771653757.jpg?width=900&height=450&q=90,VANNI V2115 A706 VANNI Square  Men Faded Yellow Brown Tortoise Full Rim Acetate
64,https://www.smartbuyglasses.co.id/designer-eyeglasses/VANNI/VANNI-V2116-A707-695052.html,VANNI V2116 A707,VANNI,Round,"RP3,348,000",Men,Faded Grey Dark Tortoise,Square,Full Rim,Acetate,https://image4.cdnsbg.com/2/827/695052_1730771653758.jpg?width=900&height=450&q=90,https://image4.cdnsbg.com/2/827/695052_1730771653758.jpg?width=900&height=450&q=90,https://image4.cdnsbg.com/2/827/695052_1730771653758.jpg?width=900&height=450&q=90,VANNI V2116 A707 VANNI Round  Men Faded Grey Dark Tortoise Full Rim Acetate
65,https://www.smartbuyglasses.co.id/designer-eyeglasses/VANNI/VANNI-V2120-A939-695053.html,VANNI V2120 A939,VANNI,Round,"RP3,348,000",Men,Transparent Striped Green/Brown/Orange Line,Square,Full Rim,Acetate,https://image4.cdnsbg.com/2/827/695053_1730771653758.jpg?width=900&height=450&q=90,https://image4.cdnsbg.com/2/827/695053_1730771653758.jpg?width=900&height=450&q=90,https://image4.cdnsbg.com/2/827/695053_1730771653758.jpg?width=900&height=450&q=90,VANNI V2120 A939 VANNI Round  Men Transparent Striped Green/Brown/Orange Line Full Rim Acetate
66,https://www.smartbuyglasses.co.id/designer-eyeglasses/VANNI/VANNI-V2120-A997-695054.html,VANNI V2120 A997,VANNI,Round,"RP3,348,000",Men,Matte Green Micropixel/Cream Line,Square,Full Rim,Acetate,https://image4.cdnsbg.com/2/827/695054_1730771653758.jpg?width=900&height=450&q=90,https://image4.cdnsbg.com/2/827/695054_1730771653758.jpg?width=900&height=450&q=90,https://image4.cdnsbg.com/2/827/695054_1730771653758.jpg?width=900&height=450&q=90,VANNI V2120 A997 VANNI Round  Men Matte Green Micropixel/Cream Line Full Rim Acetate
67,https://www.smartbuyglasses.co.id/designer-eyeglasses/VANNI/VANNI-V2123-A937-695055.html,VANNI V2123 A937,VANNI,Square,"RP3,348,000",Men,Transparent Gradient Grey Tortoise/Yellow Line,Oval,Full Rim,Acetate,https://image4.cdnsbg.com/2/827/695055_1730771653759.jpg?width=900&height=450&q=90,https://image4.cdnsbg.com/2/827/695055_1730771653759.jpg?width=900&height=450&q=90,https://image4.cdnsbg.com/2/827/695055_1730771653759.jpg?width=900&height=450&q=90,VANNI V2123 A937 VANNI Square  Men Transparent Gradient Grey Tortoise/Yellow Line Full Rim Acetate
68,https://www.smartbuyglasses.co.id/designer-eyeglasses/VANNI/VANNI-V2123-A993-695056.html,VANNI V2123 A993,VANNI,Square,"RP3,348,000",Men,Matte Green Micropixel/Orange Line,Oval,Full Rim,Acetate,https://image4.cdnsbg.com/2/827/695056_1730771653759.jpg?width=900&height=450&q=90,https://image4.cdnsbg.com/2/827/695056_1730771653759.jpg?width=900&height=450&q=90,https://image4.cdnsbg.com/2/827/695056_1730771653759.jpg?width=900&height=450&q=90,VANNI V2123 A993 VANNI Square  Men Matte Green Micropixel/Orange Line Full Rim Acetate
69,https://www.smartbuyglasses.co.id/designer-eyeglasses/VANNI/VANNI-V4241-C205-695057.html,VANNI V4241 C205,VANNI,Round,"RP3,420,000",Women,Shiny Black/Magenta,Square,Full Rim,Metal,https://image4.cdnsbg.com/2/827/695057_1730771653759.jpg?width=900&height=450&q=90,https://image4.cdnsbg.com/2/827/695057_1730771653759.jpg?width=900&height=450&q=90,https://image4.cdnsbg.com/2/827/695057_1730771653759.jpg?width=900&height=450&q=90,VANNI V4241 C205 VANNI Round  Women Shiny Black/Magenta Full Rim Metal
70,https://www.smartbuyglasses.co.id/designer-eyeglasses/VANNI/VANNI-V4241-C207-695058.html,VANNI V4241 C207,VANNI,Round,"RP3,420,000",Women,Shiny Black/Turquoise,Square,Full Rim,Metal,https://image4.cdnsbg.com/2/827/695058_1730771653760.jpg?width=900&height=450&q=90,https://image4.cdnsbg.com/2/827/695058_1730771653760.jpg?width=900&height=450&q=90,https://image4.cdnsbg.com/2/827/695058_1730771653760.jpg?width=900&height=450&q=90,VANNI V4241 C207 VANNI Round  Women Shiny Black/Turquoise Full Rim Metal
71,https://www.smartbuyglasses.co.id/designer-eyeglasses/VANNI/VANNI-V4253-C11-695061.html,VANNI V4253 C11,VANNI,Triangle,"RP3,420,000",Women,Matte Black/White,Geometric,Full Rim,Metal,https://image4.cdnsbg.com/2/827/695061_1730771653761.jpg?width=900&height=450&q=90,https://image4.cdnsbg.com/2/827/695061_1730771653761.jpg?width=900&height=450&q=90,https://image4.cdnsbg.com/2/827/695061_1730771653761.jpg?width=900&height=450&q=90,VANNI V4253 C11 VANNI Triangle  Women Matte Black/White Full Rim Metal
72,https://www.smartbuyglasses.co.id/designer-eyeglasses/VANNI/VANNI-V4253-C99-695062.html,VANNI V4253 C99,VANNI,Triangle,"RP3,420,000",Women,Matte Teal/Lime Green,Geometric,Full Rim,Metal,https://image4.cdnsbg.com/2/827/695062_1730771653761.jpg?width=900&height=450&q=90,https://image4.cdnsbg.com/2/827/695062_1730771653761.jpg?width=900&height=450&q=90,https://image4.cdnsbg.com/2/827/695062_1730771653761.jpg?width=900&height=450&q=90,VANNI V4253 C99 VANNI Triangle  Women Matte Teal/Lime Green Full Rim Metal
73,https://www.smartbuyglasses.co.id/designer-eyeglasses/VANNI/VANNI-V6329-C510-695063.html,VANNI V6329 C510,VANNI,Triangle,"RP3,420,000",Men,Matte Black,Pilot,Full Rim,Metal,https://image4.cdnsbg.com/2/827/695063_1730771653761.jpg?width=900&height=450&q=90,https://image4.cdnsbg.com/2/827/695063_1730771653761.jpg?width=900&height=450&q=90,https://image4.cdnsbg.com/2/827/695063_1730771653761.jpg?width=900&height=450&q=90,VANNI V6329 C510 VANNI Triangle  Men Matte Black Full Rim Metal
74,https://www.smartbuyglasses.co.id/designer-eyeglasses/VANNI/VANNI-V6329-C587-695064.html,VANNI V6329 C587,VANNI,Triangle,"RP3,420,000",Men,Matte Burgundy,Pilot,Full Rim,Metal,https://image4.cdnsbg.com/2/827/695064_1730771653761.jpg?width=900&height=450&q=90,https://image4.cdnsbg.com/2/827/695064_1730771653761.jpg?width=900&height=450&q=90,https://image4.cdnsbg.com/2/827/695064_1730771653761.jpg?width=900&height=450&q=90,VANNI V6329 C587 VANNI Triangle  Men Matte Burgundy Full Rim Metal
75,https://www.smartbuyglasses.co.id/designer-eyeglasses/VANNI/VANNI-V6810-A439-695065.html,VANNI V6810 A439,VANNI,Square,"RP3,348,000",Women,Transparent Green/Pixel Burgundy Orange,Oval,Full Rim,Acetate,https://image4.cdnsbg.com/2/827/695065_1730771653762.jpg?width=900&height=450&q=90,https://image4.cdnsbg.com/2/827/695065_1730771653762.jpg?width=900&height=450&q=90,https://image4.cdnsbg.com/2/827/695065_1730771653762.jpg?width=900&height=450&q=90,VANNI V6810 A439 VANNI Square  Women Transparent Green/Pixel Burgundy Orange Full Rim Acetate
76,https://www.smartbuyglasses.co.id/designer-eyeglasses/VANNI/VANNI-V6810-A477-695066.html,VANNI V6810 A477,VANNI,Square,"RP3,348,000",Women,Transparent Turquoise/Pixel Blue,Oval,Full Rim,Acetate,https://image4.cdnsbg.com/2/827/695066_1730771653762.jpg?width=900&height=450&q=90,https://image4.cdnsbg.com/2/827/695066_1730771653762.jpg?width=900&height=450&q=90,https://image4.cdnsbg.com/2/827/695066_1730771653762.jpg?width=900&height=450&q=90,VANNI V6810 A477 VANNI Square  Women Transparent Turquoise/Pixel Blue Full Rim Acetate
77,https://www.smartbuyglasses.co.id/designer-eyeglasses/VANNI/VANNI-V6812-A54-695067.html,VANNI V6812 A54,VANNI,Triangle,"RP3,348,000",Women,Transparent Gradient Blue/Brown,Cat Eye,Full Rim,Acetate,https://image4.cdnsbg.com/2/827/695067_1730771653762.jpg?width=900&height=450&q=90,https://image4.cdnsbg.com/2/827/695067_1730771653762.jpg?width=900&height=450&q=90,https://image4.cdnsbg.com/2/827/695067_1730771653762.jpg?width=900&height=450&q=90,VANNI V6812 A54 VANNI Triangle  Women Transparent Gradient Blue/Brown Full Rim Acetate
78,https://www.smartbuyglasses.co.id/designer-eyeglasses/VANNI/VANNI-V6812-A708-695068.html,VANNI V6812 A708,VANNI,Triangle,"RP3,348,000",Women,Pearl Burgundy/Transparent Green,Cat Eye,Full Rim,Acetate,https://image4.cdnsbg.com/2/827/695068_1730771653763.jpg?width=900&height=450&q=90,https://image4.cdnsbg.com/2/827/695068_1730771653763.jpg?width=900&height=450&q=90,https://image4.cdnsbg.com/2/827/695068_1730771653763.jpg?width=900&height=450&q=90,VANNI V6812 A708 VANNI Triangle  Women Pearl Burgundy/Transparent Green Full Rim Acetate
79,https://www.smartbuyglasses.co.id/designer-eyeglasses/VANNI/VANNI-V6842-A455-695069.html,VANNI V6842 A455,VANNI,Triangle,"RP3,348,000",Women,Transparent Purple/Pixel Purple/Pink,Geometric,Full Rim,Acetate,https://image4.cdnsbg.com/2/827/695069_1730771653763.jpg?width=900&height=450&q=90,https://image4.cdnsbg.com/2/827/695069_1730771653763.jpg?width=900&height=450&q=90,https://image4.cdnsbg.com/2/827/695069_1730771653763.jpg?width=900&height=450&q=90,VANNI V6842 A455 VANNI Triangle  Women Transparent Purple/Pixel Purple/Pink Full Rim Acetate
80,https://www.smartbuyglasses.co.id/designer-eyeglasses/VANNI/VANNI-V6842-A477-695070.html,VANNI V6842 A477,VANNI,Triangle,"RP3,348,000",Women,Transparent Turquoise/Pixel Blue,Geometric,Full Rim,Acetate,https://image4.cdnsbg.com/2/827/695070_1730771653763.jpg?width=900&height=450&q=90,https://image4.cdnsbg.com/2/827/695070_1730771653763.jpg?width=900&height=450&q=90,https://image4.cdnsbg.com/2/827/695070_1730771653763.jpg?width=900&height=450&q=90,VANNI V6842 A477 VANNI Triangle  Women Transparent Turquoise/Pixel Blue Full Rim Acetate
81,https://www.smartbuyglasses.co.id/designer-eyeglasses/Carrera/Carrera-3049-KB7-695076.html,Carrera 3049 KB7,Carrera,Round,"RP1,457,131",Women,Transparent Grey,Square,Full Rim,Acetate,https://image4.cdnsbg.com/2/70/695076_1731462201389.jpg?width=900&height=450&q=90,https://image4.cdnsbg.com/2/70/695076_1731462201389.jpg?width=900&height=450&q=90,https://image4.cdnsbg.com/2/70/695076_1731462201389.jpg?width=900&height=450&q=90,Carrera 3049 KB7 Carrera Round  Women Transparent Grey Full Rim Acetate
82,https://www.smartbuyglasses.co.id/designer-eyeglasses/Carrera/Carrera-VICTORY-C-06-KB72Y-695102.html,Carrera VICTORY C 06 KB7/2Y,Carrera,Round,"RP1,665,292",Men,Transparent Grey,Rectangle,Full Rim,Acetate,https://image4.cdnsbg.com/2/70/695102_1731462201399.jpg?width=900&height=450&q=90,https://image4.cdnsbg.com/2/70/695102_1731462201399.jpg?width=900&height=450&q=90,https://image4.cdnsbg.com/2/70/695102_1731462201399.jpg?width=900&height=450&q=90,Carrera VICTORY C 06 KB7/2Y Carrera Round  Men Transparent Grey Full Rim Acetate
83,https://www.smartbuyglasses.co.id/designer-eyeglasses/Emporio-Armani/Emporio-Armani-EA1027-3036-695106.html,Emporio Armani EA1027 3036,Emporio Armani,Round,"RP1,792,848",Men,Matte Silver,Square,Full Rim,Metal,https://image4.cdnsbg.com/2/8/695106_1731462201400.jpg?width=900&height=450&q=90,https://image4.cdnsbg.com/2/8/695106_1731462201400.jpg?width=900&height=450&q=90,https://image4.cdnsbg.com/2/8/695106_1731462201400.jpg?width=900&height=450&q=90,Emporio Armani EA1027 3036 Emporio Armani Round  Men Matte Silver Full Rim Metal
84,https://www.smartbuyglasses.co.id/designer-eyeglasses/Versace/Versace-VE3328-GB1-616646.html,Versace VE3328 GB1,Versace,Oval,"RP2,523,909",Men,Black,Square,Full Rim,Customisable,https://image4.cdnsbg.com/2/17/616646_1673343650121.jpg?width=900&height=450&q=90,https://image4.cdnsbg.com/2/17/616646_1673343650121.jpg?width=900&height=450&q=90,https://image4.cdnsbg.com/2/17/616646_1673343650121.jpg?width=900&height=450&q=90,Versace VE3328 GB1 Versace Oval  Men Black Full Rim Customisable
85,https://www.smartbuyglasses.co.id/designer-eyeglasses/Tom-Ford/Tom-Ford-FT5880-B-Blue-Light-Block-020-627488.html,Tom Ford FT5880-B Blue-Light Block 020,Tom Ford,Oval,"RP3,998,481",Women,Transparent Dark Grey,Square,Full Rim,Plastic,https://image4.cdnsbg.com/2/58/627488_1718672873990.jpg?width=900&height=450&q=90,https://image4.cdnsbg.com/2/58/627488_1718672873990.jpg?width=900&height=450&q=90,https://image4.cdnsbg.com/2/58/627488_1718672873990.jpg?width=900&height=450&q=90,Tom Ford FT5880-B Blue-Light Block 020 Tom Ford Oval  Women Transparent Dark Grey Full Rim Plastic
86,https://www.smartbuyglasses.co.id/designer-eyeglasses/Vogue-Eyewear/Vogue-Eyewear-VO4274-5152-641520.html,Vogue Eyewear VO4274 5152,Vogue Eyewear,Oval,"RP1,177,683",Women,Pink Gold,Square,Full Rim,Customisable,https://image4.cdnsbg.com/2/59/641520_1708435953754.jpg?width=900&height=450&q=90,https://image4.cdnsbg.com/2/59/641520_1708435953754.jpg?width=900&height=450&q=90,https://image4.cdnsbg.com/2/59/641520_1708435953754.jpg?width=900&height=450&q=90,Vogue Eyewear VO4274 5152 Vogue Eyewear Oval  Women Pink Gold Full Rim Customisable
87,https://www.smartbuyglasses.co.id/designer-eyeglasses/Gucci/Gucci-GG1424O-002-644994.html,Gucci GG1424O 002,Gucci,Oval,"RP3,533,401",Women,Tortoise,Cat Eye,Full Rim,Customisable,https://image4.cdnsbg.com/2/10/644994_1707275149240.jpg?width=900&height=450&q=90,https://image4.cdnsbg.com/2/10/644994_1707275149240.jpg?width=900&height=450&q=90,https://image4.cdnsbg.com/2/10/644994_1707275149240.jpg?width=900&height=450&q=90,Gucci GG1424O 002 Gucci Oval  Women Tortoise Full Rim Customisable
88,https://www.smartbuyglasses.co.id/designer-eyeglasses/Tom-Ford/Tom-Ford-FT5886-B-Blue-Light-Block-052-647308.html,Tom Ford FT5886-B Blue-Light Block 052,Tom Ford,Oval,"RP3,725,081",Men,Tortoise,Square,Full Rim,Plastic,https://image4.cdnsbg.com/2/58/647308_1699328081693.jpg?width=900&height=450&q=90,https://image4.cdnsbg.com/2/58/647308_1699328081693.jpg?width=900&height=450&q=90,https://image4.cdnsbg.com/2/58/647308_1699328081693.jpg?width=900&height=450&q=90,Tom Ford FT5886-B Blue-Light Block 052 Tom Ford Oval  Men Tortoise Full Rim Plastic
89,https://www.smartbuyglasses.co.id/designer-eyeglasses/Tom-Ford/Tom-Ford-FT5844-B-Blue-Light-Block-005-655855.html,Tom Ford FT5844-B Blue-Light Block 005,Tom Ford,Oval,"RP3,725,081",Women,Matte Black,Cat Eye,Full Rim,Plastic,https://image4.cdnsbg.com/2/58/655855_1721106092459.jpg?width=900&height=450&q=90,https://image4.cdnsbg.com/2/58/655855_1721106092459.jpg?width=900&height=450&q=90,https://image4.cdnsbg.com/2/58/655855_1721106092459.jpg?width=900&height=450&q=90,Tom Ford FT5844-B Blue-Light Block 005 Tom Ford Oval  Women Matte Black Full Rim Plastic
90,https://www.smartbuyglasses.co.id/designer-eyeglasses/Versace/Versace-VE3342-148-658237.html,Versace VE3342 148,Versace,Heart,"RP2,788,914",Men,Clear,Rectangle,Full Rim,Customisable,https://image4.cdnsbg.com/2/17/658237_1728893002666.jpg?width=900&height=450&q=90,https://image4.cdnsbg.com/2/17/658237_1728893002666.jpg?width=900&height=450&q=90,https://image4.cdnsbg.com/2/17/658237_1728893002666.jpg?width=900&height=450&q=90,Versace VE3342 148 Versace Heart  Men Clear Full Rim Customisable
91,https://www.smartbuyglasses.co.id/designer-eyeglasses/Oakley/Oakley-OX3217-SOCKET-5.0-321716-658615.html,Oakley OX3217 SOCKET 5.0 321716,Oakley,Heart,"RP2,293,327",Men,Satin Black,Rectangle,Full Rim,Customisable,https://image4.cdnsbg.com/2/441/658615_1716383755039.jpg?width=900&height=450&q=90,https://image4.cdnsbg.com/2/441/658615_1716383755039.jpg?width=900&height=450&q=90,https://image4.cdnsbg.com/2/441/658615_1716383755039.jpg?width=900&height=450&q=90,Oakley OX3217 SOCKET 5.0 321716 Oakley Heart  Men Satin Black Full Rim Customisable
92,https://www.smartbuyglasses.co.id/designer-eyeglasses/Oakley/Oakley-OX8153-METALINK-815313-673945.html,Oakley OX8153 METALINK 815313,Oakley,Heart,"RP3,316,583",Men,Satin Black,Rectangle,Full Rim,Customisable,https://image4.cdnsbg.com/2/441/673945_1725239626922.jpg?width=900&height=450&q=90,https://image4.cdnsbg.com/2/441/673945_1725239626922.jpg?width=900&height=450&q=90,https://image4.cdnsbg.com/2/441/673945_1725239626922.jpg?width=900&height=450&q=90,Oakley OX8153 METALINK 815313 Oakley Heart  Men Satin Black Full Rim Customisable
93,https://www.smartbuyglasses.co.id/designer-eyeglasses/Miu-Miu/Miu-Miu-MU05XV-1AB1O1-680497.html,Miu Miu MU05XV 1AB1O1,Miu Miu,Oval,"RP3,427,399",Women,Black,Cat Eye,Full Rim,Customisable,https://image4.cdnsbg.com/2/12/680497_1716344386042.jpg?width=900&height=450&q=90,https://image4.cdnsbg.com/2/12/680497_1716344386042.jpg?width=900&height=450&q=90,https://image4.cdnsbg.com/2/12/680497_1716344386042.jpg?width=900&height=450&q=90,Miu Miu MU05XV 1AB1O1 Miu Miu Oval  Women Black Full Rim Customisable
94,https://www.smartbuyglasses.co.id/designer-eyeglasses/Versace/Versace-VE3354-GB1-681990.html,Versace VE3354 GB1,Versace,Oval,"RP3,583,929",Men,Black,Square,Full Rim,Customisable,https://image4.cdnsbg.com/2/17/681990_1730083409456.jpg?width=900&height=450&q=90,https://image4.cdnsbg.com/2/17/681990_1730083409456.jpg?width=900&height=450&q=90,https://image4.cdnsbg.com/2/17/681990_1730083409456.jpg?width=900&height=450&q=90,Versace VE3354 GB1 Versace Oval  Men Black Full Rim Customisable
95,https://www.smartbuyglasses.co.id/designer-eyeglasses/Ray-Ban/Ray-Ban-RX7140-2001-380997.html,Ray-Ban RX7140 2001,Ray-Ban,Heart,"RP2,438,817",Women,Clear,Oval,Full Rim,Customisable,https://image4.cdnsbg.com/2/14/380997_1679652642765.jpg?width=900&height=450&q=90,https://image4.cdnsbg.com/2/14/380997_1679652642765.jpg?width=900&height=450&q=90,https://image4.cdnsbg.com/2/14/380997_1679652642765.jpg?width=900&height=450&q=90,Ray-Ban RX7140 2001 Ray-Ban Heart  Women Clear Full Rim Customisable
96,https://www.smartbuyglasses.co.id/designer-eyeglasses/Oakley/Oakley-OX8060-OVERHEAD-806003-633870.html,Oakley OX8060 OVERHEAD 806003,Oakley,Heart,"RP1,736,604",Men,Polished Clear,Rectangle,Full Rim,Customisable,https://image4.cdnsbg.com/2/441/633870_1685950327417.jpg?width=900&height=450&q=90,https://image4.cdnsbg.com/2/441/633870_1685950327417.jpg?width=900&height=450&q=90,https://image4.cdnsbg.com/2/441/633870_1685950327417.jpg?width=900&height=450&q=90,Oakley OX8060 OVERHEAD 806003 Oakley Heart  Men Polished Clear Full Rim Customisable
97,https://www.smartbuyglasses.co.id/designer-eyeglasses/Ralph-by-Ralph-Lauren/Ralph-by-Ralph-Lauren-RA7044-1139-245955.html,Ralph by Ralph Lauren RA7044 1139,Ralph by Ralph Lauren,Oval,"RP1,439,508",Women,Black White,Cat Eye,Full Rim,Customisable,https://image4.cdnsbg.com/2/197/245955_1680591570443.jpg?width=900&height=450&q=90,https://image4.cdnsbg.com/2/197/245955_1680591570443.jpg?width=900&height=450&q=90,https://image4.cdnsbg.com/2/197/245955_1680591570443.jpg?width=900&height=450&q=90,Ralph by Ralph Lauren RA7044 1139 Ralph by Ralph Lauren Oval  Women Black White Full Rim Customisable
98,https://www.smartbuyglasses.co.id/designer-eyeglasses/Burberry/Burberry-BE1282-1001-280023.html,Burberry BE1282 1001,Burberry,Heart,"RP2,818,948",Men,Black,Rectangle,Semi Rimless,Customisable,https://image4.cdnsbg.com/2/2/280023_1599513786290.jpg?width=900&height=450&q=90,https://image4.cdnsbg.com/2/2/280023_1599513786290.jpg?width=900&height=450&q=90,https://image4.cdnsbg.com/2/2/280023_1599513786290.jpg?width=900&height=450&q=90,Burberry BE1282 1001 Burberry Heart  Men Black Semi Rimless Customisable
99,https://www.smartbuyglasses.co.id/designer-eyeglasses/Gucci/Gucci-GG0027O-001-352269.html,Gucci GG0027O 001,Gucci,Heart,"RP3,144,727",Women,Black,Oval,Full Rim,Customisable,https://image4.cdnsbg.com/2/10/352269_1680591570469.jpg?width=900&height=450&q=90,https://image4.cdnsbg.com/2/10/352269_1680591570469.jpg?width=900&height=450&q=90,https://image4.cdnsbg.com/2/10/352269_1680591570469.jpg?width=900&height=450&q=90,Gucci GG0027O 001 Gucci Heart  Women Black Full Rim Customisable
100,https://www.smartbuyglasses.co.id/designer-eyeglasses/Oakley/Oakley-OX3227-FULLER-322701-381320.html,Oakley OX3227 FULLER 322701,Oakley,Heart,"RP2,438,817",Men,Satin Black,Rectangle,Full Rim,Customisable,https://image4.cdnsbg.com/2/441/381320_1599533882287.jpg?width=900&height=450&q=90,https://image4.cdnsbg.com/2/441/381320_1599533882287.jpg?width=900&height=450&q=90,https://image4.cdnsbg.com/2/441/381320_1599533882287.jpg?width=900&height=450&q=90,Oakley OX3227 FULLER 322701 Oakley Heart  Men Satin Black Full Rim Customisable
101,https://www.smartbuyglasses.co.id/designer-eyeglasses/SmartBuy-Readers/SmartBuy-Readers-M0385-006-381576.html,SmartBuy Readers M0385 006,SmartBuy Readers,Heart,"RP430,500",Men,Black,Rectangle,Full Rim,Customisable,https://image4.cdnsbg.com/2/624/381576_1694757622245.jpg?width=900&height=450&q=90,https://image4.cdnsbg.com/2/624/381576_1694757622245.jpg?width=900&height=450&q=90,https://image4.cdnsbg.com/2/624/381576_1694757622245.jpg?width=900&height=450&q=90,SmartBuy Readers M0385 006 SmartBuy Readers Heart  Men Black Full Rim Customisable
102,https://www.smartbuyglasses.co.id/designer-eyeglasses/Oakley/Oakley-OX8046-AIRDROP-804613-439500.html,Oakley OX8046 AIRDROP 804613,Oakley,Heart,"RP2,293,327",Men,Satin Light Steel Black,Rectangle,Full Rim,Customisable,https://image4.cdnsbg.com/2/441/439500_1681200135579.jpg?width=900&height=450&q=90,https://image4.cdnsbg.com/2/441/439500_1681200135579.jpg?width=900&height=450&q=90,https://image4.cdnsbg.com/2/441/439500_1681200135579.jpg?width=900&height=450&q=90,Oakley OX8046 AIRDROP 804613 Oakley Heart  Men Satin Light Steel Black Full Rim Customisable
103,https://www.smartbuyglasses.co.id/designer-eyeglasses/Oakley/Oakley-OX8153-METALINK-815305-439513.html,Oakley OX8153 METALINK 815305,Oakley,Heart,"RP3,316,583",Men,Satin Grey Smoke,Rectangle,Full Rim,Customisable,https://image4.cdnsbg.com/2/441/439513_1599533919728.jpg?width=900&height=450&q=90,https://image4.cdnsbg.com/2/441/439513_1599533919728.jpg?width=900&height=450&q=90,https://image4.cdnsbg.com/2/441/439513_1599533919728.jpg?width=900&height=450&q=90,Oakley OX8153 METALINK 815305 Oakley Heart  Men Satin Grey Smoke Full Rim Customisable
104,https://www.smartbuyglasses.co.id/designer-eyeglasses/Michael-Kors/Michael-Kors-MK4067U-SANTA-CLARA-3005-452295.html,Michael Kors MK4067U SANTA CLARA 3005,Michael Kors,Oval,"RP1,792,848",Women,Black,Square,Full Rim,Customisable,https://image4.cdnsbg.com/2/232/452295_1599636588980.jpg?width=900&height=450&q=90,https://image4.cdnsbg.com/2/232/452295_1599636588980.jpg?width=900&height=450&q=90,https://image4.cdnsbg.com/2/232/452295_1599636588980.jpg?width=900&height=450&q=90,Michael Kors MK4067U SANTA CLARA 3005 Michael Kors Oval  Women Black Full Rim Customisable
105,https://www.smartbuyglasses.co.id/designer-eyeglasses/Michael-Kors/Michael-Kors-MK4067U-SANTA-CLARA-3015-452296.html,Michael Kors MK4067U SANTA CLARA 3015,Michael Kors,Oval,"RP1,792,848",Women,Clear,Square,Full Rim,Customisable,https://image4.cdnsbg.com/2/232/452296_1679652642815.jpg?width=900&height=450&q=90,https://image4.cdnsbg.com/2/232/452296_1679652642815.jpg?width=900&height=450&q=90,https://image4.cdnsbg.com/2/232/452296_1679652642815.jpg?width=900&height=450&q=90,Michael Kors MK4067U SANTA CLARA 3015 Michael Kors Oval  Women Clear Full Rim Customisable
106,https://www.smartbuyglasses.co.id/designer-eyeglasses/Dolce-&-Gabbana/Dolce-&-Gabbana-DG1322-1334-472529.html,Dolce & Gabbana DG1322 1334,Dolce & Gabbana,Heart,"RP2,892,089",Women,Gold/Black,Round,Full Rim,Customisable,https://image4.cdnsbg.com/2/7/472529_1610536614159.jpg?width=900&height=450&q=90,https://image4.cdnsbg.com/2/7/472529_1610536614159.jpg?width=900&height=450&q=90,https://image4.cdnsbg.com/2/7/472529_1610536614159.jpg?width=900&height=450&q=90,Dolce & Gabbana DG1322 1334 Dolce & Gabbana Heart  Women Gold/Black Full Rim Customisable
107,https://www.smartbuyglasses.co.id/designer-eyeglasses/Tom-Ford/Tom-Ford-FT5626-B-Blue-Light-Block-056-493914.html,Tom Ford FT5626-B Blue-Light Block 056,Tom Ford,Oval,"RP3,246,630",Men,Tortoise,Square,Full Rim,Plastic,https://image4.cdnsbg.com/2/58/493914_1599519761403.jpg?width=900&height=450&q=90,https://image4.cdnsbg.com/2/58/493914_1599519761403.jpg?width=900&height=450&q=90,https://image4.cdnsbg.com/2/58/493914_1599519761403.jpg?width=900&height=450&q=90,Tom Ford FT5626-B Blue-Light Block 056 Tom Ford Oval  Men Tortoise Full Rim Plastic
108,https://www.smartbuyglasses.co.id/designer-eyeglasses/Timberland/Timberland-TB1662-020-512157.html,Timberland TB1662 020,Timberland,Heart,"RP900,276",Men,Transparent Grey,Oval,Full Rim,Customisable,https://image4.cdnsbg.com/2/227/512157_1599524540639.jpg?width=900&height=450&q=90,https://image4.cdnsbg.com/2/227/512157_1599524540639.jpg?width=900&height=450&q=90,https://image4.cdnsbg.com/2/227/512157_1599524540639.jpg?width=900&height=450&q=90,Timberland TB1662 020 Timberland Heart  Men Transparent Grey Full Rim Customisable
109,https://www.smartbuyglasses.co.id/designer-eyeglasses/Tom-Ford/Tom-Ford-FT5709-B-Blue-Light-Block-001-536188.html,Tom Ford FT5709-B Blue-Light Block 001,Tom Ford,Oval,"RP3,725,081",Women,Shiny Black,Cat Eye,Full Rim,Plastic,https://image4.cdnsbg.com/2/58/536188_1680591570524.jpg?width=900&height=450&q=90,https://image4.cdnsbg.com/2/58/536188_1680591570524.jpg?width=900&height=450&q=90,https://image4.cdnsbg.com/2/58/536188_1680591570524.jpg?width=900&height=450&q=90,Tom Ford FT5709-B Blue-Light Block 001 Tom Ford Oval  Women Shiny Black Full Rim Plastic
110,https://www.smartbuyglasses.co.id/designer-eyeglasses/Tom-Ford/Tom-Ford-FT0847-Renee-Blue-Light-Block-001-538043.html,Tom Ford FT0847 Renee Blue-Light Block 001,Tom Ford,Oval,"RP4,579,457",Women,Shiny Black,Square,Full Rim,Plastic,https://image4.cdnsbg.com/1/58/538043_1623039112853.jpg?width=900&height=450&q=90,https://image4.cdnsbg.com/1/58/538043_1623039112853.jpg?width=900&height=450&q=90,https://image4.cdnsbg.com/1/58/538043_1623039112853.jpg?width=900&height=450&q=90,Tom Ford FT0847 Renee Blue-Light Block 001 Tom Ford Oval  Women Shiny Black Full Rim Plastic
111,https://www.smartbuyglasses.co.id/designer-eyeglasses/SmartBuy-Collection/SmartBuy-Collection-Rupperte-CP128E-511191.html,SmartBuy Collection Rupperte CP128E,SmartBuy Collection,Oval,"RP432,259",Unisex,Dark Tortoise,Square,Full Rim,Cellulose Propionate,https://image4.cdnsbg.com/2/430/511191_1681200095630.jpg?width=900&height=450&q=90,https://image4.cdnsbg.com/2/430/511191_1681200095630.jpg?width=900&height=450&q=90,https://image4.cdnsbg.com/2/430/511191_1681200095630.jpg?width=900&height=450&q=90,SmartBuy Collection Rupperte CP128E SmartBuy Collection Oval  Unisex Dark Tortoise Full Rim Cellulose Propionate
112,https://www.smartbuyglasses.co.id/designer-eyeglasses/SmartBuy-Collection/SmartBuy-Collection-Leonidas-CP124E-545096.html,SmartBuy Collection Leonidas CP124E,SmartBuy Collection,Oval,"RP432,259",Unisex,Transparent Brown,Square,Full Rim,Cellulose Propionate,https://image4.cdnsbg.com/2/430/545096_1621916703576.jpg?width=900&height=450&q=90,https://image4.cdnsbg.com/2/430/545096_1621916703576.jpg?width=900&height=450&q=90,https://image4.cdnsbg.com/2/430/545096_1621916703576.jpg?width=900&height=450&q=90,SmartBuy Collection Leonidas CP124E SmartBuy Collection Oval  Unisex Transparent Brown Full Rim Cellulose Propionate
113,https://www.smartbuyglasses.co.id/designer-eyeglasses/SmartBuy-Collection/SmartBuy-Collection-Hyon-M7027-C1-647271.html,SmartBuy Collection Hyon M7027 C1,SmartBuy Collection,Heart,"RP360,059",Unisex,Shiny Black,Rectangle,Full Rim,TR90,https://image4.cdnsbg.com/2/430/647271_1694180810334.jpg?width=900&height=450&q=90,https://image4.cdnsbg.com/2/430/647271_1694180810334.jpg?width=900&height=450&q=90,https://image4.cdnsbg.com/2/430/647271_1694180810334.jpg?width=900&height=450&q=90,SmartBuy Collection Hyon M7027 C1 SmartBuy Collection Heart  Unisex Shiny Black Full Rim TR90
114,https://www.smartbuyglasses.co.id/designer-eyeglasses/SmartBuy-Collection/SmartBuy-Collection-Noor-CP109A-651257.html,SmartBuy Collection Noor CP109A,SmartBuy Collection,Heart,"RP432,259",Unisex,Shiny Tortoise,Oval,Full Rim,Cellulose Propionate,https://image4.cdnsbg.com/2/430/651257_1702950351808.jpg?width=900&height=450&q=90,https://image4.cdnsbg.com/2/430/651257_1702950351808.jpg?width=900&height=450&q=90,https://image4.cdnsbg.com/2/430/651257_1702950351808.jpg?width=900&height=450&q=90,SmartBuy Collection Noor CP109A SmartBuy Collection Heart  Unisex Shiny Tortoise Full Rim Cellulose Propionate
115,https://www.smartbuyglasses.co.id/designer-eyeglasses/SmartBuy-Collection/SmartBuy-Collection-Rupperte-CP128A-511187.html,SmartBuy Collection Rupperte CP128A,SmartBuy Collection,Oval,"RP432,259",Unisex,Black,Square,Full Rim,Cellulose Propionate,https://image4.cdnsbg.com/2/430/511187_1680591570510.jpg?width=900&height=450&q=90,https://image4.cdnsbg.com/2/430/511187_1680591570510.jpg?width=900&height=450&q=90,https://image4.cdnsbg.com/2/430/511187_1680591570510.jpg?width=900&height=450&q=90,SmartBuy Collection Rupperte CP128A SmartBuy Collection Oval  Unisex Black Full Rim Cellulose Propionate
116,https://www.smartbuyglasses.co.id/designer-eyeglasses/SmartBuy-Collection/SmartBuy-Collection-Cest-CP112G-632917.html,SmartBuy Collection Cest CP112G,SmartBuy Collection,Oval,"RP432,259",Unisex,Blue Tortoise,Square,Full Rim,Cellulose Propionate,https://image4.cdnsbg.com/2/430/632917_1685592908255.jpg?width=900&height=450&q=90,https://image4.cdnsbg.com/2/430/632917_1685592908255.jpg?width=900&height=450&q=90,https://image4.cdnsbg.com/2/430/632917_1685592908255.jpg?width=900&height=450&q=90,SmartBuy Collection Cest CP112G SmartBuy Collection Oval  Unisex Blue Tortoise Full Rim Cellulose Propionate
117,https://www.smartbuyglasses.co.id/designer-eyeglasses/SmartBuy-Collection/SmartBuy-Collection-Cascade-G30053-C2-551752.html,SmartBuy Collection Cascade G30053 C2,SmartBuy Collection,Oval,"RP150,059",Unisex,Clear,Square,Full Rim,TR90,https://image4.cdnsbg.com/2/430/551752_1618226448291.jpg?width=900&height=450&q=90,https://image4.cdnsbg.com/2/430/551752_1618226448291.jpg?width=900&height=450&q=90,https://image4.cdnsbg.com/2/430/551752_1618226448291.jpg?width=900&height=450&q=90,SmartBuy Collection Cascade G30053 C2 SmartBuy Collection Oval  Unisex Clear Full Rim TR90
118,https://www.smartbuyglasses.co.id/designer-eyeglasses/SmartBuy-Collection/SmartBuy-Collection-Tanner-T-0023M-002-585821.html,SmartBuy Collection Tanner T-0023M 002,SmartBuy Collection,Round,"RP589,300",Unisex,Black,Rectangle,Full Rim,Plastic,https://image4.cdnsbg.com/2/430/585821_1649737749702.jpg?width=900&height=450&q=90,https://image4.cdnsbg.com/2/430/585821_1649737749702.jpg?width=900&height=450&q=90,https://image4.cdnsbg.com/2/430/585821_1649737749702.jpg?width=900&height=450&q=90,SmartBuy Collection Tanner T-0023M 002 SmartBuy Collection Round  Unisex Black Full Rim Plastic
119,https://www.smartbuyglasses.co.id/designer-eyeglasses/Ray-Ban/Ray-Ban-RX6489-2501-350859.html,Ray-Ban RX6489 2501,Ray-Ban,Triangle,"RP2,160,455",Unisex,Silver,Aviator,Full Rim,Metal,https://image4.cdnsbg.com/2/14/350859_1679652642748.jpg?width=900&height=450&q=90,https://image4.cdnsbg.com/2/14/350859_1679652642748.jpg?width=900&height=450&q=90,https://image4.cdnsbg.com/2/14/350859_1679652642748.jpg?width=900&height=450&q=90,Ray-Ban RX6489 2501 Ray-Ban Triangle  Unisex Silver Full Rim Metal
120,https://www.smartbuyglasses.co.id/designer-eyeglasses/Ray-Ban/Ray-Ban-RX6448-2501-471528.html,Ray-Ban RX6448 2501,Ray-Ban,Triangle,"RP2,837,059",Unisex,Silver,Geometric,Full Rim,Metal,https://image4.cdnsbg.com/2/14/471528_1681200135623.jpg?width=900&height=450&q=90,https://image4.cdnsbg.com/2/14/471528_1681200135623.jpg?width=900&height=450&q=90,https://image4.cdnsbg.com/2/14/471528_1681200135623.jpg?width=900&height=450&q=90,Ray-Ban RX6448 2501 Ray-Ban Triangle  Unisex Silver Full Rim Metal
121,https://www.smartbuyglasses.co.id/designer-eyeglasses/SmartBuy-Collection/SmartBuy-Collection-Hart-PC2450-C3-574058.html,SmartBuy Collection Hart PC2450 C3,SmartBuy Collection,Round,"RP126,985",Unisex,Tortoise,Square,Full Rim,Plastic,https://image4.cdnsbg.com/2/430/574058_1636088574908.jpg?width=900&height=450&q=90,https://image4.cdnsbg.com/2/430/574058_1636088574908.jpg?width=900&height=450&q=90,https://image4.cdnsbg.com/2/430/574058_1636088574908.jpg?width=900&height=450&q=90,SmartBuy Collection Hart PC2450 C3 SmartBuy Collection Round  Unisex Tortoise Full Rim Plastic
122,https://www.smartbuyglasses.co.id/designer-eyeglasses/SmartBuy-Collection/SmartBuy-Collection-Adora-Asian-Fit-938A-414352.html,SmartBuy Collection Adora Asian Fit 938A,SmartBuy Collection,Square,"RP730,399",Unisex,Black,Round,Full Rim,Metal,https://image4.cdnsbg.com/2/430/414352_1681199923148.jpg?width=900&height=450&q=90,https://image4.cdnsbg.com/2/430/414352_1681199923148.jpg?width=900&height=450&q=90,https://image4.cdnsbg.com/2/430/414352_1681199923148.jpg?width=900&height=450&q=90,SmartBuy Collection Adora Asian Fit 938A SmartBuy Collection Square  Unisex Black Full Rim Metal
123,https://www.smartbuyglasses.co.id/designer-eyeglasses/SmartBuy-Collection/SmartBuy-Collection-Tory-787-426579.html,SmartBuy Collection Tory 787,SmartBuy Collection,Triangle,"RP432,259",Unisex,Black,Pilot,Full Rim,Metal,https://image4.cdnsbg.com/2/430/426579_1599532281852.jpg?width=900&height=450&q=90,https://image4.cdnsbg.com/2/430/426579_1599532281852.jpg?width=900&height=450&q=90,https://image4.cdnsbg.com/2/430/426579_1599532281852.jpg?width=900&height=450&q=90,SmartBuy Collection Tory 787 SmartBuy Collection Triangle  Unisex Black Full Rim Metal
124,https://www.smartbuyglasses.co.id/designer-eyeglasses/SmartBuy-Collection/SmartBuy-Collection-Hedwig-3515-C5-574081.html,SmartBuy Collection Hedwig 3515 C5,SmartBuy Collection,Triangle,"RP500,750",Unisex,Transparent Grey,Pilot,Full Rim,Plastic,https://image4.cdnsbg.com/2/430/574081_1649142116071.jpg?width=900&height=450&q=90,https://image4.cdnsbg.com/2/430/574081_1649142116071.jpg?width=900&height=450&q=90,https://image4.cdnsbg.com/2/430/574081_1649142116071.jpg?width=900&height=450&q=90,SmartBuy Collection Hedwig 3515 C5 SmartBuy Collection Triangle  Unisex Transparent Grey Full Rim Plastic
125,https://www.smartbuyglasses.co.id/designer-eyeglasses/Ray-Ban/Ray-Ban-RX5154-Clubmaster-5762-380938.html,Ray-Ban RX5154 Clubmaster 5762,Ray-Ban,Triangle,"RP2,293,327",Unisex,Transparent Brown,Browline,Full Rim,Metal,https://image4.cdnsbg.com/2/14/380938_1599516254364.jpg?width=900&height=450&q=90,https://image4.cdnsbg.com/2/14/380938_1599516254364.jpg?width=900&height=450&q=90,https://image4.cdnsbg.com/2/14/380938_1599516254364.jpg?width=900&height=450&q=90,Ray-Ban RX5154 Clubmaster 5762 Ray-Ban Triangle  Unisex Transparent Brown Full Rim Metal
126,https://www.smartbuyglasses.co.id/designer-eyeglasses/Ray-Ban/Ray-Ban-RX5228-Highstreet-2012-107038.html,Ray-Ban RX5228 Highstreet 2012,Ray-Ban,"Heart,","RP2,293,327",Unisex,Dark Havana,Rectangle,Full Rim,Acetate,https://image4.cdnsbg.com/2/14/107038_1599516293810.jpg?width=900&height=450&q=90,https://image4.cdnsbg.com/2/14/107038_1599516293810.jpg?width=900&height=450&q=90,https://image4.cdnsbg.com/2/14/107038_1599516293810.jpg?width=900&height=450&q=90,"Ray-Ban RX5228 Highstreet 2012 Ray-Ban Heart,  Unisex Dark Havana Full Rim Acetate"
127,https://www.smartbuyglasses.co.id/designer-eyeglasses/SmartBuy-Collection/SmartBuy-Collection-Skylar-799B-293922.html,SmartBuy Collection Skylar 799B,SmartBuy Collection,"Heart,","RP432,259",Unisex,Grey,Rectangle,Full Rim,Metal,https://image4.cdnsbg.com/2/430/293922_1623302301160.jpg?width=900&height=450&q=90,https://image4.cdnsbg.com/2/430/293922_1623302301160.jpg?width=900&height=450&q=90,https://image4.cdnsbg.com/2/430/293922_1623302301160.jpg?width=900&height=450&q=90,"SmartBuy Collection Skylar 799B SmartBuy Collection Heart,  Unisex Grey Full Rim Metal"
128,https://www.smartbuyglasses.co.id/designer-eyeglasses/SmartBuy-Collection/SmartBuy-Collection-Hansen-Blue-Light-Block-225224-C5-574041.html,SmartBuy Collection Hansen Blue-Light Block 225224 C5,SmartBuy Collection,"Oval,","RP643,800",Unisex,Clear,Square,Full Rim,Plastic,https://image4.cdnsbg.com/2/430/574041_1636088574896.jpg?width=900&height=450&q=90,https://image4.cdnsbg.com/2/430/574041_1636088574896.jpg?width=900&height=450&q=90,https://image4.cdnsbg.com/2/430/574041_1636088574896.jpg?width=900&height=450&q=90,"SmartBuy Collection Hansen Blue-Light Block 225224 C5 SmartBuy Collection Oval,  Unisex Clear Full Rim Plastic"
129,https://www.smartbuyglasses.co.id/designer-eyeglasses/SmartBuy-Collection/SmartBuy-Collection-Hurst-3505-C5-574128.html,SmartBuy Collection Hurst 3505 C5,SmartBuy Collection,"Oval,","RP500,750",Unisex,Transparent Grey,Square,Full Rim,Plastic,https://image4.cdnsbg.com/2/430/574128_1649142116095.jpg?width=900&height=450&q=90,https://image4.cdnsbg.com/2/430/574128_1649142116095.jpg?width=900&height=450&q=90,https://image4.cdnsbg.com/2/430/574128_1649142116095.jpg?width=900&height=450&q=90,"SmartBuy Collection Hurst 3505 C5 SmartBuy Collection Oval,  Unisex Transparent Grey Full Rim Plastic"
130,https://www.smartbuyglasses.co.id/designer-eyeglasses/SmartBuy-Collection/SmartBuy-Collection-Linda-Asian-Fit-986D-387390.html,SmartBuy Collection Linda Asian Fit 986D,SmartBuy Collection,"Heart,","RP730,399",Unisex,Gold,Rectangle,Full Rim,Metal,https://image4.cdnsbg.com/2/430/387390_1599532784106.jpg?width=900&height=450&q=90,https://image4.cdnsbg.com/2/430/387390_1599532784106.jpg?width=900&height=450&q=90,https://image4.cdnsbg.com/2/430/387390_1599532784106.jpg?width=900&height=450&q=90,"SmartBuy Collection Linda Asian Fit 986D SmartBuy Collection Heart,  Unisex Gold Full Rim Metal"
131,https://www.smartbuyglasses.co.id/designer-eyeglasses/SmartBuy-Collection/SmartBuy-Collection-Echo-794C-387445.html,SmartBuy Collection Echo 794C,SmartBuy Collection,"Heart,","RP432,259",Unisex,Gold,Oval,Full Rim,Metal,https://image4.cdnsbg.com/2/430/387445_1599532108532.jpg?width=900&height=450&q=90,https://image4.cdnsbg.com/2/430/387445_1599532108532.jpg?width=900&height=450&q=90,https://image4.cdnsbg.com/2/430/387445_1599532108532.jpg?width=900&height=450&q=90,"SmartBuy Collection Echo 794C SmartBuy Collection Heart,  Unisex Gold Full Rim Metal"
132,https://www.smartbuyglasses.co.id/designer-eyeglasses/SmartBuy-Collection/SmartBuy-Collection-Connelly-With-Clip-On-Four-Set-U-0220-M07-397421.html,SmartBuy Collection Connelly With Clip-On Four Set U-0220 M07,SmartBuy Collection,"Heart,","RP1,705,159",Unisex,Brown Tortoise,Oval,Clip on,Plastic,https://image4.cdnsbg.com/2/430/397421_1726055635834.jpg?width=900&height=450&q=90,https://image4.cdnsbg.com/2/430/397421_1726055635834.jpg?width=900&height=450&q=90,https://image4.cdnsbg.com/2/430/397421_1726055635834.jpg?width=900&height=450&q=90,"SmartBuy Collection Connelly With Clip-On Four Set U-0220 M07 SmartBuy Collection Heart,  Unisex Brown Tortoise Clip on Plastic"
133,https://www.smartbuyglasses.co.id/designer-eyeglasses/Arise-Collective/Arise-Collective-Wire-942140-C2-536216.html,Arise Collective Wire 942140 C2,Arise Collective,"Heart,","RP911,900",Unisex,Silver,Oval,Full Rim,Metal,https://image4.cdnsbg.com/2/459/536216_1603873595018.jpg?width=900&height=450&q=90,https://image4.cdnsbg.com/2/459/536216_1603873595018.jpg?width=900&height=450&q=90,https://image4.cdnsbg.com/2/459/536216_1603873595018.jpg?width=900&height=450&q=90,"Arise Collective Wire 942140 C2 Arise Collective Heart,  Unisex Silver Full Rim Metal"
134,https://www.smartbuyglasses.co.id/designer-eyeglasses/SmartBuy-Collection/SmartBuy-Collection-Ferreria-JSV-118-044-585702.html,SmartBuy Collection Ferreria JSV-118 044,SmartBuy Collection,"Heart,","RP1,300,099",Unisex,Transparent Blue,Oval,Full Rim,Acetate,https://image4.cdnsbg.com/2/430/585702_1651821205115.jpg?width=900&height=450&q=90,https://image4.cdnsbg.com/2/430/585702_1651821205115.jpg?width=900&height=450&q=90,https://image4.cdnsbg.com/2/430/585702_1651821205115.jpg?width=900&height=450&q=90,"SmartBuy Collection Ferreria JSV-118 044 SmartBuy Collection Heart,  Unisex Transparent Blue Full Rim Acetate"
